{"stats":{"minecraft:dropped":{"minecraft:sweet_berries":11,"minecraft:wooden_sword":1},"minecraft:picked_up":{"minecraft:chicken":1,"minecraft:sweet_berries":28,"minecraft:leather":5,"minecraft:porkchop":15,"minecraft:dirt":20,"minecraft:wooden_sword":1,"minecraft:bone":2,"minecraft:arrow":3,"minecraft:beef":8,"minecraft:poppy":1},"minecraft:killed_by":{"minecraft:skeleton":1},"minecraft:killed":{"minecraft:skeleton":6,"minecraft:zombie":4,"minecraft:pig":7,"minecraft:chicken":1,"minecraft:villager":1,"minecraft:cow":4},"minecraft:used":{"minecraft:netherite_sword":30,"minecraft:wither_skeleton_skull":4,"minecraft:grass_block":6,"minecraft:poppy":1,"minecraft:spawner":2,"minecraft:chicken_spawn_egg":1,"minecraft:shield":13,"minecraft:dirt":20,"minecraft:wooden_sword":26,"minecraft:soul_sand":4,"minecraft:skeleton_spawn_egg":31,"minecraft:tnt":12,"minecraft:sweet_berries":45,"minecraft:potato":3},"minecraft:mined":{"minecraft:large_fern":1,"minecraft:sweet_berry_bush":4,"minecraft:grass":1,"minecraft:grass_block":6,"minecraft:poppy":1,"minecraft:tall_grass":1,"minecraft:spruce_leaves":1},"minecraft:custom":{"minecraft:time_since_rest":940,"minecraft:sprint_one_cm":27115,"minecraft:walk_one_cm":62108,"minecraft:damage_taken":315,"minecraft:damage_blocked_by_shield":340,"minecraft:mob_kills":24,"minecraft:drop":12,"minecraft:damage_dealt":3209,"minecraft:fly_one_cm":85795,"minecraft:open_chest":1,"minecraft:play_one_minute":29498,"minecraft:crouch_one_cm":2249,"minecraft:deaths":1,"minecraft:sneak_time":502,"minecraft:aviate_one_cm":138311,"minecraft:jump":380,"minecraft:leave_game":2,"minecraft:walk_on_water_one_cm":630,"minecraft:time_since_death":18901,"minecraft:sleep_in_bed":1,"minecraft:fall_one_cm":4031}},"DataVersion":2586}